{"conv_in": {"mse": 8.130073547363281e-05, "mae": 0.007785797119140625, "max_diff": 0.01953125}, "down_blocks.0.attentions.0.proj_in": {"mse": 1.1920928955078125e-07, "mae": 0.0001678466796875, "max_diff": 0.001953125}, "down_blocks.0.attentions.0.proj_out": {"mse": 1.1920928955078125e-07, "mae": 0.0001437664031982422, "max_diff": 0.001953125}, "down_blocks.0.attentions.1.proj_in": {"mse": 5.960464477539063e-08, "mae": 0.00012350082397460938, "max_diff": 0.001953125}, "down_blocks.0.attentions.1.proj_out": {"mse": 5.960464477539063e-08, "mae": 0.00013637542724609375, "max_diff": 0.001953125}, "down_blocks.0.resnets.0.conv1": {"mse": 1.1920928955078125e-07, "mae": 0.00018286705017089844, "max_diff": 0.001953125}, "down_blocks.0.resnets.0.conv2": {"mse": 3.5762786865234375e-07, "mae": 0.0003972053527832031, "max_diff": 0.0029296875}, "down_blocks.0.resnets.1.conv1": {"mse": 5.960464477539063e-08, "mae": 0.00010609626770019531, "max_diff": 0.001953125}, "down_blocks.0.resnets.1.conv2": {"mse": 5.960464477539063e-08, "mae": 0.0001398324966430664, "max_diff": 0.001953125}, "down_blocks.0.downsamplers.0.conv": {"mse": 5.960464477539063e-08, "mae": 0.00013589859008789062, "max_diff": 0.001953125}, "down_blocks.1.attentions.0.proj_in": {"mse": 5.960464477539063e-08, "mae": 9.846687316894531e-05, "max_diff": 0.001953125}, "down_blocks.1.attentions.0.proj_out": {"mse": 5.960464477539063e-08, "mae": 9.304285049438477e-05, "max_diff": 0.001953125}, "down_blocks.1.attentions.1.proj_in": {"mse": 5.960464477539063e-08, "mae": 9.447336196899414e-05, "max_diff": 0.001953125}, "down_blocks.1.attentions.1.proj_out": {"mse": 5.960464477539063e-08, "mae": 0.00011849403381347656, "max_diff": 0.001953125}, "down_blocks.1.resnets.0.conv1": {"mse": 5.960464477539063e-08, "mae": 9.733438491821289e-05, "max_diff": 0.001953125}, "down_blocks.1.resnets.0.conv2": {"mse": 5.960464477539063e-08, "mae": 0.00011485815048217773, "max_diff": 0.001953125}, "down_blocks.1.resnets.0.conv_shortcut": {"mse": 5.960464477539063e-08, "mae": 0.00010418891906738281, "max_diff": 0.001953125}, "down_blocks.1.resnets.1.conv1": {"mse": 5.960464477539063e-08, "mae": 0.00010210275650024414, "max_diff": 0.001953125}, "down_blocks.1.resnets.1.conv2": {"mse": 5.960464477539063e-08, "mae": 9.447336196899414e-05, "max_diff": 0.001953125}, "down_blocks.1.downsamplers.0.conv": {"mse": 1.1920928955078125e-07, "mae": 0.0001957416534423828, "max_diff": 0.00341796875}, "down_blocks.2.attentions.0.proj_in": {"mse": 5.960464477539063e-08, "mae": 0.00010383129119873047, "max_diff": 0.001953125}, "down_blocks.2.attentions.0.proj_out": {"mse": 5.960464477539063e-08, "mae": 9.876489639282227e-05, "max_diff": 0.001953125}, "down_blocks.2.attentions.1.proj_in": {"mse": 5.960464477539063e-08, "mae": 0.00011879205703735352, "max_diff": 0.001953125}, "down_blocks.2.attentions.1.proj_out": {"mse": 5.960464477539063e-08, "mae": 0.00010281801223754883, "max_diff": 0.001953125}, "down_blocks.2.resnets.0.conv1": {"mse": 5.960464477539063e-08, "mae": 0.00010198354721069336, "max_diff": 0.001953125}, "down_blocks.2.resnets.0.conv2": {"mse": 5.960464477539063e-08, "mae": 0.00010722875595092773, "max_diff": 0.001953125}, "down_blocks.2.resnets.0.conv_shortcut": {"mse": 5.960464477539063e-08, "mae": 0.00010639429092407227, "max_diff": 0.001953125}, "down_blocks.2.resnets.1.conv1": {"mse": 5.960464477539063e-08, "mae": 0.00010120868682861328, "max_diff": 0.001953125}, "down_blocks.2.resnets.1.conv2": {"mse": 5.960464477539063e-08, "mae": 9.590387344360352e-05, "max_diff": 0.001953125}, "down_blocks.2.downsamplers.0.conv": {"mse": 5.960464477539063e-08, "mae": 0.00011402368545532227, "max_diff": 0.001953125}, "down_blocks.3.resnets.0.conv1": {"mse": 5.960464477539063e-08, "mae": 9.191036224365234e-05, "max_diff": 0.001953125}, "down_blocks.3.resnets.0.conv2": {"mse": 5.960464477539063e-08, "mae": 8.744001388549805e-05, "max_diff": 0.001953125}, "down_blocks.3.resnets.1.conv1": {"mse": 5.960464477539063e-08, "mae": 8.738040924072266e-05, "max_diff": 0.001953125}, "down_blocks.3.resnets.1.conv2": {"mse": 5.960464477539063e-08, "mae": 8.887052536010742e-05, "max_diff": 0.001953125}, "up_blocks.0.resnets.0.conv1": {"mse": 5.960464477539063e-08, "mae": 9.369850158691406e-05, "max_diff": 0.001953125}, "up_blocks.0.resnets.0.conv2": {"mse": 5.960464477539063e-08, "mae": 9.632110595703125e-05, "max_diff": 0.001953125}, "up_blocks.0.resnets.0.conv_shortcut": {"mse": 5.960464477539063e-08, "mae": 8.952617645263672e-05, "max_diff": 0.001953125}, "up_blocks.0.resnets.1.conv1": {"mse": 5.960464477539063e-08, "mae": 9.655952453613281e-05, "max_diff": 0.001953125}, "up_blocks.0.resnets.1.conv2": {"mse": 5.960464477539063e-08, "mae": 9.554624557495117e-05, "max_diff": 0.001953125}, "up_blocks.0.resnets.1.conv_shortcut": {"mse": 5.960464477539063e-08, "mae": 9.065866470336914e-05, "max_diff": 0.001953125}, "up_blocks.0.resnets.2.conv1": {"mse": 5.960464477539063e-08, "mae": 9.310245513916016e-05, "max_diff": 0.001953125}, "up_blocks.0.resnets.2.conv2": {"mse": 5.960464477539063e-08, "mae": 9.09566879272461e-05, "max_diff": 0.001953125}, "up_blocks.0.resnets.2.conv_shortcut": {"mse": 5.960464477539063e-08, "mae": 8.916854858398438e-05, "max_diff": 0.001953125}, "up_blocks.0.upsamplers.0.conv": {"mse": 5.960464477539063e-08, "mae": 8.535385131835938e-05, "max_diff": 0.001953125}, "up_blocks.1.attentions.0.proj_in": {"mse": 5.960464477539063e-08, "mae": 0.00010251998901367188, "max_diff": 0.001953125}, "up_blocks.1.attentions.0.proj_out": {"mse": 5.960464477539063e-08, "mae": 9.21487808227539e-05, "max_diff": 0.001953125}, "up_blocks.1.attentions.1.proj_in": {"mse": 5.960464477539063e-08, "mae": 9.989738464355469e-05, "max_diff": 0.00390625}, "up_blocks.1.attentions.1.proj_out": {"mse": 5.960464477539063e-08, "mae": 0.00010484457015991211, "max_diff": 0.001953125}, "up_blocks.1.attentions.2.proj_in": {"mse": 5.960464477539063e-08, "mae": 0.0001049041748046875, "max_diff": 0.001953125}, "up_blocks.1.attentions.2.proj_out": {"mse": 5.960464477539063e-08, "mae": 0.00013077259063720703, "max_diff": 0.001953125}, "up_blocks.1.resnets.0.conv1": {"mse": 5.960464477539063e-08, "mae": 9.483098983764648e-05, "max_diff": 0.001953125}, "up_blocks.1.resnets.0.conv2": {"mse": 5.960464477539063e-08, "mae": 0.0001100301742553711, "max_diff": 0.001953125}, "up_blocks.1.resnets.0.conv_shortcut": {"mse": 5.960464477539063e-08, "mae": 0.0001157522201538086, "max_diff": 0.001953125}, "up_blocks.1.resnets.1.conv1": {"mse": 5.960464477539063e-08, "mae": 9.608268737792969e-05, "max_diff": 0.001953125}, "up_blocks.1.resnets.1.conv2": {"mse": 5.960464477539063e-08, "mae": 9.965896606445312e-05, "max_diff": 0.001953125}, "up_blocks.1.resnets.1.conv_shortcut": {"mse": 5.960464477539063e-08, "mae": 0.00010144710540771484, "max_diff": 0.001953125}, "up_blocks.1.resnets.2.conv1": {"mse": 5.960464477539063e-08, "mae": 9.906291961669922e-05, "max_diff": 0.001953125}, "up_blocks.1.resnets.2.conv2": {"mse": 5.960464477539063e-08, "mae": 9.673833847045898e-05, "max_diff": 0.001953125}, "up_blocks.1.resnets.2.conv_shortcut": {"mse": 5.960464477539063e-08, "mae": 0.00010573863983154297, "max_diff": 0.001953125}, "up_blocks.1.upsamplers.0.conv": {"mse": 5.960464477539063e-08, "mae": 0.00010246038436889648, "max_diff": 0.001953125}, "up_blocks.2.attentions.0.proj_in": {"mse": 5.960464477539063e-08, "mae": 0.000110626220703125, "max_diff": 0.001953125}, "up_blocks.2.attentions.0.proj_out": {"mse": 5.960464477539063e-08, "mae": 0.00011944770812988281, "max_diff": 0.001953125}, "up_blocks.2.attentions.1.proj_in": {"mse": 5.960464477539063e-08, "mae": 0.0001251697540283203, "max_diff": 0.001953125}, "up_blocks.2.attentions.1.proj_out": {"mse": 5.960464477539063e-08, "mae": 0.00013566017150878906, "max_diff": 0.001953125}, "up_blocks.2.attentions.2.proj_in": {"mse": 1.1920928955078125e-07, "mae": 0.0001819133758544922, "max_diff": 0.001953125},