{"conv_in": {"mse": 0.00012034177780151367, "mae": 0.00948333740234375, "max_diff": 0.0224609375}, "down_blocks.0.resnets.0.conv1": {"mse": 1.1920928955078125e-07, "mae": 0.00014841556549072266, "max_diff": 0.00390625}, "down_blocks.0.resnets.0.conv2": {"mse": 6.556510925292969e-07, "mae": 0.0005669593811035156, "max_diff": 0.004150390625}, "down_blocks.0.resnets.1.conv1": {"mse": 1.1920928955078125e-07, "mae": 0.00014638900756835938, "max_diff": 0.00390625}, "down_blocks.0.resnets.1.conv2": {"mse": 1.7881393432617188e-07, "mae": 0.00023484230041503906, "max_diff": 0.00390625}, "down_blocks.0.downsamplers.0.conv": {"mse": 1.7881393432617188e-07, "mae": 0.00027942657470703125, "max_diff": 0.00390625}, "down_blocks.1.resnets.0.conv1": {"mse": 5.960464477539063e-08, "mae": 0.00010383129119873047, "max_diff": 0.00390625}, "down_blocks.1.resnets.0.conv2": {"mse": 5.960464477539063e-08, "mae": 0.00010728836059570312, "max_diff": 0.00390625}, "down_blocks.1.resnets.0.conv_shortcut": {"mse": 5.960464477539063e-08, "mae": 0.00010603666305541992, "max_diff": 0.001953125}, "down_blocks.1.resnets.1.conv1": {"mse": 5.960464477539063e-08, "mae": 8.755922317504883e-05, "max_diff": 0.00390625}, "down_blocks.1.resnets.1.conv2": {"mse": 5.960464477539063e-08, "mae": 8.755922317504883e-05, "max_diff": 0.00390625}, "down_blocks.1.downsamplers.0.conv": {"mse": 5.960464477539063e-08, "mae": 9.02414321899414e-05, "max_diff": 0.00390625}, "down_blocks.2.resnets.0.conv1": {"mse": 5.960464477539063e-08, "mae": 8.541345596313477e-05, "max_diff": 0.001953125}, "down_blocks.2.resnets.0.conv2": {"mse": 5.960464477539063e-08, "mae": 8.07046890258789e-05, "max_diff": 0.001953125}, "down_blocks.2.resnets.0.conv_shortcut": {"mse": 5.960464477539063e-08, "mae": 9.131431579589844e-05, "max_diff": 0.00390625}, "down_blocks.2.resnets.1.conv1": {"mse": 5.960464477539063e-08, "mae": 7.444620132446289e-05, "max_diff": 0.001953125}, "down_blocks.2.resnets.1.conv2": {"mse": 5.960464477539063e-08, "mae": 7.62939453125e-05, "max_diff": 0.001953125}, "up_blocks.0.resnets.0.conv1": {"mse": 5.960464477539063e-08, "mae": 7.50422477722168e-05, "max_diff": 0.00390625}, "up_blocks.0.resnets.0.conv2": {"mse": 5.960464477539063e-08, "mae": 9.167194366455078e-05, "max_diff": 0.00390625}, "up_blocks.0.resnets.0.conv_shortcut": {"mse": 5.960464477539063e-08, "mae": 8.33272933959961e-05, "max_diff": 0.00390625}, "up_blocks.0.resnets.1.conv1": {"mse": 5.960464477539063e-08, "mae": 7.456541061401367e-05, "max_diff": 0.001953125}, "up_blocks.0.resnets.1.conv2": {"mse": 5.960464477539063e-08, "mae": 8.094310760498047e-05, "max_diff": 0.00390625}, "up_blocks.0.resnets.1.conv_shortcut": {"mse": 5.960464477539063e-08, "mae": 9.936094284057617e-05, "max_diff": 0.00390625}, "up_blocks.0.resnets.2.conv1": {"mse": 5.960464477539063e-08, "mae": 7.778406143188477e-05, "max_diff": 0.001953125}, "up_blocks.0.resnets.2.conv2": {"mse": 5.960464477539063e-08, "mae": 8.499622344970703e-05, "max_diff": 0.001953125}, "up_blocks.0.resnets.2.conv_shortcut": {"mse": 5.960464477539063e-08, "mae": 0.00010627508163452148, "max_diff": 0.00390625}, "up_blocks.0.upsamplers.0.conv": {"mse": 5.960464477539063e-08, "mae": 9.429454803466797e-05, "max_diff": 0.001953125}, "up_blocks.1.resnets.0.conv1": {"mse": 5.960464477539063e-08, "mae": 9.560585021972656e-05, "max_diff": 0.00390625}, "up_blocks.1.resnets.0.conv2": {"mse": 5.960464477539063e-08, "mae": 9.870529174804688e-05, "max_diff": 0.001953125}, "up_blocks.1.resnets.0.conv_shortcut": {"mse": 1.1920928955078125e-07, "mae": 0.00018453598022460938, "max_diff": 0.001953125}, "up_blocks.1.resnets.1.conv1": {"mse": 5.960464477539063e-08, "mae": 8.791685104370117e-05, "max_diff": 0.001953125}, "up_blocks.1.resnets.1.conv2": {"mse": 5.960464477539063e-08, "mae": 0.0001131296157836914, "max_diff": 0.00390625}, "up_blocks.1.resnets.1.conv_shortcut": {"mse": 1.1920928955078125e-07, "mae": 0.000213623046875, "max_diff": 0.00390625}, "up_blocks.1.resnets.2.conv1": {"mse": 5.960464477539063e-08, "mae": 0.00010412931442260742, "max_diff": 0.00390625}, "up_blocks.1.resnets.2.conv2": {"mse": 5.960464477539063e-08, "mae": 0.00012135505676269531, "max_diff": 0.001953125}, "up_blocks.1.resnets.2.conv_shortcut": {"mse": 6.556510925292969e-07, "mae": 0.0005707740783691406, "max_diff": 0.0048828125}, "up_blocks.1.upsamplers.0.conv": {"mse": 3.5762786865234375e-07, "mae": 0.00040268898010253906, "max_diff": 0.00390625}, "up_blocks.2.resnets.0.conv1": {"mse": 1.1920928955078125e-07, "mae": 0.0001894235610961914, "max_diff": 0.00390625}, "up_blocks.2.resnets.0.conv2": {"mse": 1.7881393432617188e-07, "mae": 0.000217437744140625, "max_diff": 0.00390625}, "up_blocks.2.resnets.0.conv_shortcut": {"mse": 5.304813385009766e-06, "mae": 0.0017995834350585938, "max_diff": 0.01220703125}, "up_blocks.2.resnets.1.conv1": {"mse": 1.7881393432617188e-07, "mae": 0.00024437904357910156, "max_diff": 0.00390625}, "up_blocks.2.resnets.1.conv2": {"mse": 4.76837158203125e-07, "mae": 0.0005154609680175781, "max_diff": 0.00390625}, "up_blocks.2.resnets.1.conv_shortcut": {"mse": 9.59634780883789e-06, "mae": 0.00243377685546875, "max_diff": 0.0166015625}, "up_blocks.2.resnets.2.conv1": {"mse": 5.364418029785156e-07, "mae": 0.0005502700805664062, "max_diff": 0.00390625}, "up_blocks.2.resnets.2.conv2": {"mse": 2.205371856689453e-06, "mae": 0.00116729736328125, "max_diff": 0.005859375}, "up_blocks.2.resnets.2.conv_shortcut": {"mse": 3.635883331298828e-05, "mae": 0.00479888916015625, "max_diff": 0.0299530029296875}, "mid_block.resnets.0.conv1": {"mse": 5.960464477539063e-08, "mae": 7.408857345581055e-05, "max_diff": 0.001953125}, "mid_block.resnets.0.conv2": {"mse": 5.960464477539063e-08, "mae": 7.152557373046875e-05, "max_diff": 0.001953125}, "mid_block.resnets.1.conv1": {"mse": 5.960464477539063e-08, "mae": 7.289648056030273e-05, "max_diff": 0.001953125}, "mid_block.resnets.1.conv2": {"mse": 5.960464477539063e-08, "mae": 7.277727127075195e-05, "max_diff": 0.001953125}, "conv_out": {"mse": 2.6941299438476562e-05, "mae": 0.00411224365234375, "max_diff": 0.025390625}}